session,predicted_owner_score,combined_score,n_headlines,predicted_owner_count
0,Orevex Renewables,0.24345888353852585,3,Relvos Biosciences
1,Strynal Industries,2.3456117433752257,2,Jorvis Fuels
2,Kelvik Power,-0.08818833430338002,6,Kelvik Power
3,Relvan Software,-0.7079563973302982,3,Talvix Holdings
4,Zelval Energy,0.08345995714736115,2,Frelol Software
5,Urvel Grid,0.10597257132611043,1,Nolvol Resources
6,Halvix Holdings,0.20934146608662724,3,Halvix Holdings
7,Joval Brands,-0.3760767244842129,3,Myrnep Technologies
8,Ilval Financial,-0.01909111920994011,4,Ilval Financial
9,Halvax Networks,1.5067816719803262,1,Orevex Renewables
10,Frelis Genomics,-0.11550397283125827,3,Kelvos Resources
11,Wyrnik Sciences,0.39126624874114607,3,Wyrnik Sciences
12,Nerven Grid,-0.34764494851685945,2,Kelvos Resources
13,Jorvyl Securities,-0.19113755976136884,2,Halven Investments
14,Grevel Diagnostics,0.37790119219414375,3,Frelis Genomics
15,Myrnep Technologies,0.5023815733111237,1,Nolvol Resources
16,Dralol Computing,0.2663713504163288,2,Nolvis Devices
17,Zrovex Industries,0.609848912711316,1,Jorvix Diagnostics
18,Strynal Industries,-0.16252085426639978,2,Crevex Labs
19,Plevik Energy,1.0150488835284133,2,Orevex Renewables
20,Brevep Systems,0.5364996511078061,4,Brevep Systems
21,Jorvix Diagnostics,1.6389833671109388,1,Varvov Retail
22,Plevum Partners,0.5756810225839787,3,Halven Investments
23,Frelex Outlets,-0.04991117988667659,2,Holtar Stores
24,Crevex Labs,-0.025140695789679375,6,Crevex Labs
25,Brevep Systems,1.4331313164893005,3,Frelol Software
26,Jorval Trading,0.07532562994895729,4,Talvix Holdings
27,Orevex Renewables,-0.08053174525847849,2,Relvon Fuels
28,Zelvel Capital,0.39303199099508146,3,Frelex Outlets
29,Talvep Computing,0.7752267913295265,3,Talvep Computing
30,Jorvyl Securities,-0.0472833839763484,4,Jorvyl Securities
31,Ixenis Outlets,-0.11795038700379032,2,Frelol Software
32,Zelval Energy,2.383895563184475,1,Nolvol Resources
33,Xelvol Biotech,-0.13394876313771625,1,Arnik Commerce
34,Kelvos Resources,0.7608383376851658,2,Frelol Software
35,Zelvon Biosciences,0.4586898873642662,2,Myrnon Therapeutics
36,Dralol Computing,0.45779898660917545,1,Jovor Networks
37,Frelol Software,0.2072269613799821,2,Calvis Sciences
38,Nolvol Resources,1.1450567307700221,3,Nolvol Resources
39,Brevep Systems,0.6971329582058823,2,Yorvov Pharmaceuticals
40,Crevex Labs,-0.2647442865703698,4,Crevex Labs
41,Grevon Biotech,0.7353808094732502,2,Zrovum Biopharma
42,Halvax Networks,0.32648390416817236,3,Halvax Networks
43,Brevep Systems,0.3903486015942453,5,Brevep Systems
44,Halven Investments,1.1928852892470738,1,Wyrnik Sciences
45,Joval Brands,0.9207696012401485,6,Joval Brands
46,Nolvis Devices,1.1713133237831814,1,Strynal Industries
47,Krevan Investments,0.7520709080663704,2,Krevum Pharmaceuticals
48,Nolvis Devices,0.5495991323410557,4,Nolvis Devices
49,Halvax Networks,1.0694579996313454,5,Halvax Networks
50,Plevyl Advisors,1.5965232490768608,2,Zrovov Advisors
51,Wyrnik Sciences,0.6031106263173223,1,Grevon Biotech
52,Jovor Networks,0.07797320133950582,3,Yorven Labs
53,Myrnep Technologies,-0.42091634786072546,3,Volval Devices
54,Crevex Labs,0.19620716747071848,3,Ixenis Outlets
55,Talvyn Goods,1.267750994041852,3,Krevan Investments
56,Zelvon Biosciences,-0.3591505336994323,7,Zelvon Biosciences
57,Grevel Diagnostics,0.011659004141784876,4,Dralol Computing
58,Xovep Stores,2.219132162451551,1,Myrnon Therapeutics
59,Myrnon Therapeutics,-0.14761204933265454,3,Myrnon Therapeutics
60,Halvax Networks,0.5090063856513883,3,Jovor Networks
61,Relvan Software,1.1546412195966853,2,Wyrnik Sciences
62,Jorval Trading,0.11942316888037892,1,Crevol Retail
63,Urvel Grid,1.331662808508966,1,Halvix Holdings
64,Urvel Grid,2.2545689854585746,1,Calvos Genomics
65,Plevik Energy,0.09706332939016878,4,Orevov Solutions
66,Krevum Pharmaceuticals,-0.5576324782008925,4,Zelvon Biosciences
67,Ulvon Renewables,1.4469009838136029,1,Nolvol Resources
68,Myrnon Therapeutics,-0.02058668660865194,2,Calvos Genomics
69,Orevex Renewables,3.940240558077926,1,Ulvon Renewables
70,Grevon Biotech,0.10864576335716467,1,Yorvov Pharmaceuticals
71,Xelvol Biotech,-0.10609151539136222,3,Nolvol Resources
72,Kelvos Resources,-0.027673311215648276,3,Wyrnik Sciences
73,Jorval Trading,0.39667693864190096,1,Brevon Microchips
74,Plevyl Advisors,1.1609647201360005,2,Holtum Asset
75,Jovor Networks,1.0121245100507237,1,Varvov Retail
76,Talvep Computing,0.29218954128003916,3,Brevep Systems
77,Wrelal Financial,0.8906714557679095,3,Wrelal Financial
78,Myrnep Technologies,0.47571675708922523,1,Wyrnor Solutions
79,Wyrnik Sciences,0.18270086687396753,2,Wyrnik Sciences
80,Wrelal Financial,0.6045338221995114,4,Wrelal Financial
81,Strynal Industries,-0.19392488956252335,3,Crevol Retail
82,Grevon Biotech,-0.04491563749404872,4,Grevon Biotech
83,Halvav Brands,0.04615265504010035,2,Plevyl Advisors
84,Myrnep Technologies,3.01092374919192,1,Brevep Systems
85,Zrovum Biopharma,0.4416970318739951,2,Plevum Partners
86,Orevov Solutions,0.5318311681071594,3,Kelvik Power
87,Brevep Systems,0.17776991956338659,2,Yorven Labs
88,Plevum Partners,0.059942607846559706,2,Plevep Power
89,Holtar Stores,-0.40367986911033543,8,Holtar Stores
90,Pleven Trading,0.16377742225266065,5,Pleven Trading
91,Xovep Stores,-0.1547534555074837,4,Xovep Stores
92,Halvav Brands,0.873494012011123,4,Halvav Brands
93,Xovol Goods,-0.43276039483816103,2,Arnos Marketplace
94,Wyrnor Solutions,-0.2374872692798008,1,Talvyn Goods
95,Orevov Solutions,0.21835558101234712,1,Plevik Energy
96,Yorval Partners,0.8819410970259816,3,Holtum Asset
97,Myrnep Technologies,0.25352212409846653,3,Talvep Computing
98,Nolvis Devices,0.32307098863711964,1,Yorval Partners
99,Frelex Outlets,0.445970370626929,1,Talvep Computing
100,Jorvyl Securities,0.14408902623896874,2,Crevex Labs
101,Zelvel Capital,-0.38408146985537933,2,Jovik Asset
102,Myrnep Technologies,-0.43022162614636145,3,Calvos Genomics
103,Arnik Commerce,0.830383021770896,3,Arnos Marketplace
104,Yorval Partners,1.6642863048660252,1,Jorvyl Securities
105,Frelol Software,0.1001102623577499,3,Frelol Software
106,Xelvol Biotech,1.794886928098006,2,Volval Devices
107,Halvav Brands,0.7560107189539471,2,Xovep Stores
108,Pleven Trading,-0.2819267143087502,5,Pleven Trading
109,Zelval Energy,0.7597439330248672,2,Nolvol Resources
110,Nolvav Commerce,0.9019581293560647,3,Joval Brands
111,Myrnep Technologies,0.24233417221702686,2,Halvax Networks
112,Talvix Holdings,0.07739280735650546,1,Crevol Retail
113,Brevon Microchips,0.793608691820742,1,Talvep Computing
114,Halvax Networks,2.049402637634983,1,Halvav Brands
115,Ulvon Renewables,-0.045982681897569086,2,Nerven Grid
116,Prynis Systems,0.1206870193763424,5,Prynis Systems
117,Relvon Fuels,0.3763784324225792,1,Zelval Energy
118,Krevum Pharmaceuticals,0.6232206563709973,1,Grevon Biotech
119,Plevep Power,0.962398463476343,1,Kelvos Resources
120,Plevum Partners,0.622966589431037,2,Halvix Holdings
121,Nolvav Commerce,-0.014210766823881761,4,Frelex Outlets
122,Wrelal Financial,-0.37785636961462626,2,Plevyl Advisors
123,Halvax Networks,0.34696566800519596,2,Creven Securities
124,Relvos Biosciences,0.6145751912121361,1,Calvis Sciences
125,Calvis Sciences,2.7770478246884536,2,Wyrnik Sciences
126,Relvon Fuels,-0.1053870230458519,2,Kelvos Resources
127,Yorval Partners,0.22713861221238396,2,Talvix Holdings
128,Volval Devices,0.5842546999187604,1,Varvov Retail
129,Relvon Fuels,1.196500755771298,4,Relvon Fuels
130,Talvyn Goods,0.09793225424853721,3,Arnos Marketplace
131,Plevum Partners,0.8559052520295193,2,Jovik Asset
132,Nolvol Resources,0.6666498857038546,3,Myrnon Therapeutics
133,Jorval Trading,0.3096073504508612,1,Ervan Capital
134,Ilval Financial,0.9342001539672293,1,Halven Investments
135,Plevum Partners,-0.05754911932819409,1,Nerven Grid
136,Plevum Partners,0.663862686288051,3,Ervan Capital
137,Talvep Computing,0.9200961135968682,1,Frelex Outlets
138,Strynal Industries,-0.37686978909375163,3,Nolvol Resources
139,Plevep Power,-0.2448348357177781,2,Kelvik Power
140,Pleven Trading,-0.3716289485016903,3,Pleven Trading
141,Pleven Trading,1.159988226180526,2,Ixenis Outlets
142,Zelvel Capital,0.7652734335862591,1,Arnik Commerce
143,Halven Investments,0.8782002060422648,1,Jorvyl Securities
144,Orevex Renewables,0.529371410576174,5,Kelvik Power
145,Myrnep Technologies,-0.7101600806772219,2,Myrnep Technologies
146,Relvos Biosciences,-0.16980320966558696,1,Dralol Computing
147,Talvyn Goods,0.8071411494602385,1,Frelex Outlets
148,Frelol Software,0.17003092962326422,3,Frelol Software
149,Nerven Grid,0.6704167168640502,3,Varvov Retail
150,Crevol Retail,1.7207987995536147,4,Orevov Solutions
151,Myrnon Therapeutics,0.6724511962900904,5,Myrnon Therapeutics
152,Jorval Trading,-0.2350951235007297,3,Jorval Trading
153,Holtar Stores,0.9668284142474391,3,Varvov Retail
154,Nolvis Devices,-0.2686692244136872,3,Ixenis Outlets
155,Orevex Renewables,0.4780220643358881,3,Crevol Retail
156,Halvax Networks,-0.002008216038614799,3,Halvax Networks
157,Relvos Biosciences,-0.2300294356608908,1,Frelex Outlets
158,Relvon Fuels,1.2065426921438203,1,Plevik Energy
159,Talvix Holdings,0.820362564702388,3,Zelval Energy
160,Jovik Asset,0.37336206338628536,2,Holtar Stores
161,Grevel Diagnostics,0.36147957383165036,2,Zrovum Biopharma
162,Pleven Trading,0.26104970256349425,3,Ixenis Outlets
163,Orevar Marketplace,0.43503330745115837,3,Frelex Outlets
164,Jovik Asset,0.32400784090120266,2,Halven Investments
165,Calvis Sciences,-0.021579205876742655,3,Calvis Sciences
166,Frelis Genomics,0.21607376478731263,2,Ixenix Technologies
167,Yorven Labs,0.6856730361090961,4,Varvov Retail
168,Plevik Energy,-0.3611812226465766,2,Ulvyn Microchips
169,Nerval Biopharma,1.0355788633854515,1,Relvon Fuels
170,Orevex Renewables,0.23272852777906472,3,Xelvol Biotech
171,Crevex Labs,0.6891413139101942,2,Brevep Systems
172,Holtar Stores,0.3343823002119241,2,Holtar Stores
173,Jorvix Diagnostics,0.7530079191313105,1,Krevum Pharmaceuticals
174,Jorvyl Securities,0.8331903361795487,1,Holtum Asset
175,Kelvik Power,1.4633294404921722,1,Nolvol Resources
176,Myrnep Technologies,-0.05157445395512977,2,Halvax Networks
177,Dralol Computing,0.8164061858639092,2,Relvan Software
178,Nerval Biopharma,-0.09662854413378913,3,Calvos Genomics
179,Holtar Stores,0.9327448703516188,1,Urvel Grid
180,Jorvis Fuels,-0.019090370553282734,1,Kelvik Power
181,Zelvon Biosciences,-0.1532167758432875,3,Ulvon Renewables
182,Xovol Goods,0.8032692317534313,1,Talvyn Goods
183,Zrovov Advisors,1.54484764974896,3,Nerven Grid
184,Nolvis Devices,0.34125898717437997,4,Nolvis Devices
185,Dralol Computing,0.2299533610548204,3,Frelol Software
186,Calvis Sciences,0.17211508991477792,3,Calvis Sciences
187,Arnos Marketplace,0.08014600862774421,2,Orevov Solutions
188,Kelvik Power,-0.2563409095361006,3,Halvav Brands
189,Arnik Commerce,-0.47645897099277396,3,Varvov Retail
190,Talvep Computing,0.3671104184336111,5,Frelol Software
191,Calvos Genomics,0.24445113181899586,4,Myrnon Therapeutics
192,Nolvav Commerce,0.483905119413232,3,Holtar Stores
193,Zrovov Advisors,0.21557377168444763,3,Creven Securities
194,Orevex Renewables,0.7481568091809316,3,Zelval Energy
195,Relvon Fuels,0.6064567946469086,3,Krevum Pharmaceuticals
196,Prynis Systems,1.3360901970877734,1,Nolvis Devices
197,Frelex Outlets,0.4465095450041167,3,Plevum Partners
198,Ulvon Renewables,1.0281741169067584,1,Relvan Software
199,Yorvov Pharmaceuticals,0.37098956204692035,1,Nolvol Resources
200,Strynal Industries,1.1559355290738846,2,Plevik Energy
201,Arnik Commerce,0.15059820195490314,2,Frelex Outlets
202,Wyrnik Sciences,0.24233042905803673,2,Frelex Outlets
203,Arnos Marketplace,0.7680486874771633,1,Relvos Biosciences
204,Zrovex Industries,0.40646379985821224,2,Zelval Energy
205,Xovep Stores,-0.3252847191562237,1,Talvyn Goods
206,Crevex Labs,0.6203746999548468,2,Crevex Labs
207,Talvix Holdings,0.46494489331910527,4,Urvel Grid
208,Frelex Outlets,1.4221058323542066,2,Joval Brands
209,Halvax Networks,0.8037551270913323,2,Talvep Computing
210,Krevan Investments,-0.7164859647756314,4,Krevan Investments
211,Relvos Biosciences,1.478447426258806,1,Halvix Holdings
212,Frelol Software,0.2018019132615142,2,Halvax Networks
213,Nerval Biopharma,0.07355709033547947,5,Nerval Biopharma
214,Talvep Computing,0.6828723756575992,3,Talvep Computing
215,Joval Brands,-0.09243977457771566,2,Frelex Outlets
216,Xovol Goods,-0.4985838350120402,2,Nerval Biopharma
217,Urvel Grid,1.6749731370456125,1,Kelvik Power
218,Krevan Investments,-0.2779101300527534,2,Plevum Partners
219,Jorvis Fuels,1.7555566468802732,1,Zrovov Advisors
220,Frelis Genomics,0.7011993029969992,4,Frelis Genomics
221,Halvax Networks,1.1276812343213631,3,Volval Devices
222,Wyrnik Sciences,0.3989799488913446,1,Calvis Sciences
223,Creven Securities,0.9592552540546337,1,Arnos Marketplace
224,Talvep Computing,0.371228988133696,1,Plevep Power
225,Talvep Computing,1.7345235104147319,1,Ixenix Technologies
226,Plevep Power,0.35309688526300503,3,Plevep Power
227,Halvax Networks,0.25161695460085354,4,Halvax Networks
228,Dralol Computing,0.09573255332457334,1,Nolvis Devices
229,Krevum Pharmaceuticals,0.8104087911391582,2,Jorvix Diagnostics
230,Zelval Energy,-0.18666094793020996,3,Ilval Financial
231,Ulvyn Microchips,0.8885701603750215,4,Ulvyn Microchips
232,Jovor Networks,-0.11411762877041975,4,Halvax Networks
233,Dralol Computing,0.02886285291037717,3,Dralol Computing
234,Relvos Biosciences,0.07767862391341407,2,Relvos Biosciences
235,Orevex Renewables,0.1013158614128936,4,Orevex Renewables
236,Jovor Networks,0.18599384737478353,1,Jorvix Diagnostics
237,Brevon Microchips,0.5998980496159456,2,Creven Securities
238,Wyrnik Sciences,-0.1888452517204849,6,Wyrnik Sciences
239,Strynal Industries,1.1049835010610367,2,Nerval Biopharma
240,Yorval Partners,2.9373437868321894,1,Krevan Investments
241,Talvix Holdings,0.28078518275903064,3,Talvix Holdings
242,Joval Brands,0.7650444378308018,4,Joval Brands
243,Jovor Networks,1.9428390258788408,1,Ervan Capital
244,Talvyn Goods,0.16431235547784906,4,Jorvyl Securities
245,Arnik Commerce,1.1605785220653992,4,Arnik Commerce
246,Dralol Computing,-0.2124137018689124,6,Dralol Computing
247,Nerven Grid,-0.5169427432400523,6,Nerven Grid
248,Ulvyn Microchips,0.07497603156335454,3,Holtar Stores
249,Orevov Solutions,0.8715184026164217,3,Orevov Solutions
250,Relvon Fuels,1.5826095230043937,1,Ulvon Renewables
251,Krevum Pharmaceuticals,0.7144061814061626,1,Zelvon Biosciences
252,Nolvav Commerce,-0.19174127686123016,2,Xovol Goods
253,Zelvix Therapeutics,-0.14106275552185202,4,Crevol Retail
254,Halvax Networks,0.7248149844246377,1,Relvon Fuels
255,Yorval Partners,-0.18452003770214612,3,Orevex Renewables
256,Talvep Computing,0.6264193487659571,3,Ulvyn Microchips
257,Zrovov Advisors,-0.12468857116421131,3,Halven Investments
258,Nerval Biopharma,0.7298171055295316,1,Calvos Genomics
259,Crevex Labs,0.9253705175851739,3,Brevep Systems
260,Varvov Retail,0.919858485058428,3,Holtar Stores
261,Prynis Systems,-0.417066037673675,4,Volval Devices
262,Jovor Networks,2.0622915816923513,1,Ulvyn Microchips
263,Jovik Asset,0.656782578056292,2,Zelvix Therapeutics
264,Jovik Asset,0.4854144019897306,2,Calvis Sciences
265,Talvep Computing,0.3181086039354936,2,Dralol Computing
266,Frelol Software,1.392735301684769,2,Plevum Partners
267,Orevex Renewables,0.1020521108845145,3,Orevex Renewables
268,Ixenis Outlets,-0.17099651142385167,6,Ixenis Outlets
269,Grevel Diagnostics,-0.3257202526667649,1,Jorvix Diagnostics
270,Ixenis Outlets,0.22535073620505613,1,Prynis Systems
271,Jovor Networks,0.7124757191276022,2,Volval Devices
272,Jovik Asset,1.885224442077119,2,Zrovum Biopharma
273,Brevon Microchips,0.05470709379645754,2,Brevon Microchips
274,Holtar Stores,1.233821458232763,2,Crevex Labs
275,Strynal Industries,-0.24628490925224947,2,Plevik Energy
276,Talvyn Goods,-0.09938237360701466,6,Talvyn Goods
277,Ixenix Technologies,-0.2327844893187187,1,Frelol Software
278,Orevar Marketplace,-0.46846328614169713,5,Orevar Marketplace
279,Nolvol Resources,-0.2625694035340907,2,Nolvol Resources
280,Talvyn Goods,0.6277990352923215,3,Crevex Labs
281,Frelol Software,0.45682019927684525,2,Urvel Grid
282,Calvis Sciences,0.4621202922847383,2,Grevon Biotech
283,Yorven Labs,-0.2570633481344897,4,Yorven Labs
284,Joval Brands,-0.32375720232016214,2,Halvix Holdings
285,Plevep Power,-0.44308941282561987,2,Halven Investments
286,Halvax Networks,0.22915649641271152,1,Grevel Diagnostics
287,Talvix Holdings,0.7000081540881212,2,Ulvon Renewables
288,Jovor Networks,-0.39501174114181303,6,Jovor Networks
289,Halven Investments,-0.7017161196128036,1,Grevel Diagnostics
290,Nolvav Commerce,0.5061599366515019,3,Nolvav Commerce
291,Halvax Networks,0.528947569691298,1,Pleven Trading
292,Varvov Retail,-0.12064508011536723,3,Frelis Genomics
293,Zelvon Biosciences,-0.2838263027911199,3,Calvos Genomics
294,Brevon Microchips,-0.05244309852252943,2,Dralol Computing
295,Talvep Computing,-0.14158316684574118,3,Jorvis Fuels
296,Jorvix Diagnostics,1.3069801871668352,5,Jorvix Diagnostics
297,Creven Securities,1.168830274696787,2,Ixenix Technologies
298,Jovor Networks,0.06367640103455892,3,Talvyn Goods
299,Nolvis Devices,0.10407709345733751,1,Relvan Software
300,Joval Brands,0.3977871736142968,1,Crevol Retail
301,Halvix Holdings,0.8084358289676659,2,Plevum Partners
302,Xovol Goods,0.0293860551136192,1,Arnos Marketplace
303,Talvep Computing,2.6173386999672084,1,Nolvis Devices
304,Orevar Marketplace,-0.5405377309629973,1,Nerven Grid
305,Brevon Microchips,-0.36100515693270374,2,Nolvis Devices
306,Crevol Retail,-0.10022768510075405,2,Holtar Stores
307,Zrovov Advisors,0.48485420980099264,4,Zrovov Advisors
308,Nolvis Devices,0.05945745206749112,3,Joval Brands
309,Plevik Energy,-0.15929393135955155,4,Kelvik Power
310,Frelol Software,1.196905704075954,2,Brevep Systems
311,Ixenix Technologies,0.03887023677516806,1,Orevov Solutions
312,Dralol Computing,0.9078350796974997,2,Frelol Software
313,Frelex Outlets,0.16125263805785903,1,Jorvyl Securities
314,Relvos Biosciences,0.3182230794253915,2,Zelvon Biosciences
315,Grevon Biotech,-0.28502101758044823,4,Grevon Biotech
316,Ilval Financial,-0.03543181979120062,2,Holtum Asset
317,Nerval Biopharma,1.639130697296607,1,Relvos Biosciences
318,Crevol Retail,0.24419121329990418,4,Joval Brands
319,Relvos Biosciences,1.71849551613039,1,Halvav Brands
320,Xovol Goods,1.0134677388045,4,Relvos Biosciences
321,Grevon Biotech,0.18967399979937555,1,Wyrnik Sciences
322,Calvos Genomics,0.9479674115790334,2,Halvix Holdings
323,Plevum Partners,0.3746139765702925,1,Crevol Retail
324,Ulvon Renewables,0.44571281420729136,1,Strynal Industries
325,Brevon Microchips,0.15470745652565182,2,Brevep Systems
326,Ulvyn Microchips,0.00029711946641775185,2,Crevol Retail
327,Frelis Genomics,0.2955841010907177,5,Frelis Genomics
328,Xelvol Biotech,0.9793603497000005,3,Zelvon Biosciences
329,Joval Brands,-0.27054166790917017,2,Arnos Marketplace
330,Talvyn Goods,-0.001250765837058354,3,Varvov Retail
331,Zelvel Capital,-0.2432388091551599,5,Zelvel Capital
332,Relvos Biosciences,0.06898310147981036,3,Relvos Biosciences
333,Zelvon Biosciences,0.20500510322055374,5,Zelvon Biosciences
334,Relvan Software,0.4449254368158817,2,Plevyl Advisors
335,Plevep Power,-0.14733621889839868,2,Orevov Solutions
336,Xovol Goods,1.1546904825438777,1,Holtum Asset
337,Nerven Grid,-0.5276694768320201,3,Jorvis Fuels
338,Ixenix Technologies,1.8377146769684312,3,Crevex Labs
339,Frelol Software,1.7032294679227562,1,Prynis Systems
340,Nolvav Commerce,0.9096614699729928,2,Halvav Brands
341,Holtar Stores,0.9537731086917027,1,Orevar Marketplace
342,Zrovex Industries,-0.29665543794178206,3,Zrovov Advisors
343,Plevep Power,1.251887751289984,4,Grevel Diagnostics
344,Kelvik Power,2.0733609009514407,2,Zelval Energy
345,Ulvon Renewables,0.7241971965687576,1,Plevyl Advisors
346,Brevon Microchips,3.5227517471434617,1,Plevep Power
347,Zelvon Biosciences,0.660892115561876,3,Kelvik Power
348,Kelvik Power,0.8756842435393472,3,Orevex Renewables
349,Myrnep Technologies,0.287251630918537,2,Yorven Labs
350,Urvel Grid,-0.5214904537214785,3,Urvel Grid
351,Ixenis Outlets,-0.40579572274402637,3,Ixenis Outlets
352,Xovep Stores,0.3389518639332013,2,Halvax Networks
353,Zelvon Biosciences,-0.30991917629540133,3,Joval Brands
354,Jorvis Fuels,-0.2352295636920858,4,Jorvis Fuels
355,Ixenix Technologies,4.0655439253536825,1,Xelvol Biotech
356,Holtum Asset,2.4019994082432667,1,Yorval Partners
357,Crevex Labs,0.06011104496754756,3,Crevex Labs
358,Jorval Trading,0.807803719448582,5,Jorval Trading
359,Grevon Biotech,-0.30325371131385465,5,Grevon Biotech
360,Xovep Stores,0.9380128060075401,1,Nolvis Devices
361,Krevan Investments,0.24355321337803804,1,Ilval Financial
362,Calvos Genomics,-0.3110639410290882,2,Calvos Genomics
363,Jovik Asset,0.634756460934827,2,Ervan Capital
364,Varvov Retail,0.4372043671811986,4,Varvov Retail
365,Nerval Biopharma,4.258796752591372,1,Yorvov Pharmaceuticals
366,Orevov Solutions,-0.457832014564165,1,Jorvis Fuels
367,Talvep Computing,0.05366368021153146,3,Myrnep Technologies
368,Orevov Solutions,-0.0032731715467283207,2,Arnos Marketplace
369,Plevep Power,-0.5115604506741115,1,Relvos Biosciences
370,Xovep Stores,0.6850677028132792,4,Xovep Stores
371,Urvel Grid,0.84262810457728,1,Nolvol Resources
372,Nolvol Resources,-0.3145379432002328,2,Ervan Capital
373,Zelval Energy,0.47725607358995853,4,Zelval Energy
374,Ulvon Renewables,-0.2698376437631805,4,Ulvon Renewables
375,Crevex Labs,-0.2313713336927811,1,Xovol Goods
376,Zelvon Biosciences,-0.16732526758437574,2,Wyrnik Sciences
377,Kelvik Power,-0.5094471158559654,4,Kelvik Power
378,Orevar Marketplace,1.5477465398997707,1,Halvix Holdings
379,Joval Brands,-0.0015751905652393178,4,Joval Brands
380,Ulvyn Microchips,0.2642415578429924,6,Ulvyn Microchips
381,Nerven Grid,0.5518493699085788,4,Relvon Fuels
382,Arnik Commerce,-0.2157764597457555,3,Arnik Commerce
383,Plevyl Advisors,-0.0080157054390603,1,Frelis Genomics
384,Talvix Holdings,0.2853469617973616,1,Dralol Computing
385,Jovor Networks,1.3584503692552992,2,Jovor Networks
386,Myrnon Therapeutics,0.2682463918342875,2,Jorvix Diagnostics
387,Zelval Energy,0.9047655431582771,1,Kelvos Resources
388,Wyrnik Sciences,1.3859814192969375,1,Grevon Biotech
389,Kelvik Power,0.2009152133341747,1,Nolvis Devices
390,Frelol Software,0.5875665572526235,5,Frelol Software
391,Plevum Partners,1.6986832415464175,1,Nerval Biopharma
392,Ervan Capital,-0.4637992414465055,1,Creven Securities
393,Xovep Stores,0.09124421799005612,2,Nolvav Commerce
394,Halven Investments,0.6012744808368147,1,Jorvyl Securities
395,Ervan Capital,-0.43604115943938154,5,Ervan Capital
396,Zelvon Biosciences,0.3345234633287116,2,Calvos Genomics
397,Plevik Energy,0.4148003437036536,2,Calvos Genomics
398,Varvov Retail,0.5746594963379653,3,Talvyn Goods
399,Relvon Fuels,1.0220873357716873,1,Orevov Solutions
400,Zelval Energy,0.031931811942411355,3,Orevov Solutions
401,Zelvel Capital,0.5225483466923952,2,Zelvel Capital
402,Plevep Power,0.32018576593766906,2,Plevep Power
403,Crevol Retail,0.8668657046257239,1,Ulvon Renewables
404,Prynis Systems,1.666826712709767,2,Ixenix Technologies
405,Plevik Energy,0.3605239497414563,2,Plevik Energy
406,Myrnep Technologies,0.15201169886919194,2,Jorvix Diagnostics
407,Frelol Software,0.22598368642688466,6,Frelol Software
408,Jorval Trading,0.6814463202884102,1,Ilval Financial
409,Orevex Renewables,-0.6945684365251368,2,Nerven Grid
410,Zrovum Biopharma,-0.10828853116474302,2,Creven Securities
411,Frelol Software,1.7066756651411563,1,Nerval Biopharma
412,Crevol Retail,0.9493832233206114,2,Arnik Commerce
413,Nolvol Resources,1.660472780216626,1,Kelvik Power
414,Volval Devices,1.2032402025679425,3,Yorval Partners
415,Frelol Software,0.11393894078356964,2,Relvan Software
416,Myrnon Therapeutics,0.6080146451612365,2,Jorvix Diagnostics
417,Calvos Genomics,0.08677597020056292,2,Dralol Computing
418,Nolvol Resources,0.6781477285565711,2,Ilval Financial
419,Zrovov Advisors,-0.15614415906751944,2,Jorvyl Securities
420,Calvos Genomics,-0.5261544289763767,1,Jorvix Diagnostics
421,Wyrnor Solutions,0.1451682700956866,1,Xelvol Biotech
422,Plevum Partners,-0.4495008574320358,2,Ervan Capital
423,Creven Securities,0.5554792222394036,2,Plevyl Advisors
424,Plevik Energy,0.43331297294570054,2,Kelvos Resources
425,Wrelal Financial,1.0640520106411113,1,Jorvis Fuels
426,Calvos Genomics,0.905849841856316,6,Arnos Marketplace
427,Relvos Biosciences,0.5492730724557701,3,Relvos Biosciences
428,Yorval Partners,0.5070396813932397,2,Holtar Stores
429,Ilval Financial,0.1722312300424682,4,Ilval Financial
430,Calvos Genomics,-0.7975901396217702,3,Calvos Genomics
431,Calvos Genomics,0.6353025114298594,1,Calvis Sciences
432,Zelvix Therapeutics,2.325075713183,1,Calvis Sciences
433,Prynis Systems,1.199191114206378,1,Calvos Genomics
434,Brevep Systems,1.387195091852584,2,Krevan Investments
435,Jorvix Diagnostics,0.5657604938117358,2,Jorvix Diagnostics
436,Jovor Networks,-0.24741529604017348,4,Frelis Genomics
437,Zrovum Biopharma,0.39385771321025453,4,Zrovum Biopharma
438,Holtar Stores,0.002188769763520379,1,Holtar Stores
439,Zelvel Capital,0.4185917255626403,1,Nolvol Resources
440,Ulvon Renewables,0.6715040869302427,1,Calvos Genomics
441,Prynis Systems,0.8874684553256558,3,Kelvik Power
442,Nolvav Commerce,0.5740206324273637,5,Myrnep Technologies
443,Holtar Stores,1.3650923959791639,1,Holtar Stores
444,Zelvel Capital,0.9498367152266215,5,Holtum Asset
445,Wyrnik Sciences,0.008296568459666892,1,Orevov Solutions
446,Orevov Solutions,0.5197824621810289,3,Crevex Labs
447,Orevar Marketplace,1.342172939939562,6,Orevar Marketplace
448,Yorvov Pharmaceuticals,0.48942618016781314,6,Yorvov Pharmaceuticals
449,Yorven Labs,0.10984395798473681,5,Yorven Labs
450,Plevik Energy,-0.3386090175693458,5,Plevik Energy
451,Jorvix Diagnostics,0.9976726475856313,2,Jorvix Diagnostics
452,Ixenis Outlets,1.6011845658596822,2,Frelol Software
453,Creven Securities,0.8449787287871098,4,Talvix Holdings
454,Arnik Commerce,0.3710593610977641,2,Orevar Marketplace
455,Calvos Genomics,-0.2252187667137297,4,Calvos Genomics
456,Crevol Retail,1.5406084360027792,4,Crevol Retail
457,Crevex Labs,-0.05604970637597194,3,Volval Devices
458,Talvix Holdings,-0.2803617409205457,1,Grevel Diagnostics
459,Arnos Marketplace,2.4213487582981332,3,Arnos Marketplace
460,Ulvyn Microchips,1.4755449352442072,2,Jorvyl Securities
461,Krevum Pharmaceuticals,0.6069719823323623,3,Creven Securities
462,Varvov Retail,0.37019299230269276,2,Brevep Systems
463,Crevex Labs,0.2976720167985008,2,Zrovov Advisors
464,Frelis Genomics,-0.07215545266497829,2,Frelis Genomics
465,Relvan Software,0.9072614083088824,4,Relvan Software
466,Grevel Diagnostics,0.07805877952747865,3,Grevel Diagnostics
467,Frelex Outlets,0.003274121022970193,3,Holtar Stores
468,Halvix Holdings,0.7500749055549768,3,Grevon Biotech
469,Jovik Asset,0.41137698308988757,3,Halven Investments
470,Zrovov Advisors,0.06034269252545693,2,Ervan Capital
471,Frelis Genomics,-0.14598889774782486,5,Frelis Genomics
472,Zelval Energy,-0.2843039613799314,1,Urvel Grid
473,Talvix Holdings,1.0216936344839556,1,Ilval Financial
474,Krevan Investments,0.5472051647372158,2,Xovol Goods
475,Zrovex Industries,0.5765860129538269,3,Grevon Biotech
476,Zrovum Biopharma,0.03816985851666613,1,Holtar Stores
477,Jorvix Diagnostics,0.08220575261868308,1,Calvis Sciences
478,Yorvov Pharmaceuticals,-0.4013373019182407,5,Yorvov Pharmaceuticals
479,Grevel Diagnostics,0.16599713572390679,1,Grevel Diagnostics
480,Zelvel Capital,1.4544282738279302,1,Jovik Asset
481,Arnos Marketplace,0.6464894383333127,4,Arnik Commerce
482,Xelvol Biotech,1.7382942193813578,2,Calvos Genomics
483,Yorval Partners,0.2795006607079468,3,Plevum Partners
484,Yorven Labs,1.7366459620349541,3,Crevex Labs
485,Ulvyn Microchips,0.5033862269352305,1,Halvav Brands
486,Talvep Computing,0.693387545393619,1,Crevex Labs
487,Nolvol Resources,0.7184186993605463,3,Nolvol Resources
488,Crevol Retail,0.9553755475277199,5,Crevol Retail
489,Krevum Pharmaceuticals,-0.39211561522766647,1,Wyrnor Solutions
490,Zrovex Industries,-0.12170186326367638,2,Zrovex Industries
491,Talvix Holdings,0.06797940640775237,3,Talvix Holdings
492,Plevyl Advisors,0.04161317835425117,4,Plevyl Advisors
493,Frelol Software,0.4513267659521088,3,Frelol Software
494,Yorvov Pharmaceuticals,-0.3662123725585886,2,Nolvis Devices
495,Yorval Partners,0.13929454619256765,1,Jovik Asset
496,Brevon Microchips,0.11934388385267103,3,Brevon Microchips
497,Ilval Financial,0.6604295785898338,1,Ilval Financial
498,Prynis Systems,0.7122276816611413,3,Volval Devices
499,Halvax Networks,0.5892395055984578,4,Halvax Networks
500,Calvos Genomics,0.8956014274260649,3,Calvos Genomics
501,Prynis Systems,-0.19470355154575275,2,Relvan Software
502,Ixenis Outlets,1.6875557464912398,1,Pleven Trading
503,Frelis Genomics,-0.37487925665420435,1,Talvep Computing
504,Nerven Grid,0.39921635247335224,1,Jorvis Fuels
505,Wyrnik Sciences,1.623702962047994,4,Calvos Genomics
506,Frelex Outlets,-0.19632481091227322,3,Frelex Outlets
507,Zrovex Industries,0.632042773282556,3,Zrovex Industries
508,Relvan Software,0.6934489515190456,1,Jovor Networks
509,Ilval Financial,0.4564312448611913,2,Orevar Marketplace
510,Ixenis Outlets,0.45838764846554214,1,Talvyn Goods
511,Talvyn Goods,0.10867352731710112,2,Halvav Brands
512,Plevik Energy,0.5360862403942853,1,Strynal Industries
513,Myrnon Therapeutics,0.8948222660787151,1,Grevon Biotech
514,Zelvon Biosciences,1.0379769804458907,4,Zelvon Biosciences
515,Xovol Goods,0.28486769543664225,3,Arnik Commerce
516,Yorvov Pharmaceuticals,0.45221492591828544,2,Grevon Biotech
517,Wyrnor Solutions,-0.16172805937742707,5,Zelval Energy
518,Plevyl Advisors,0.12706863969633084,1,Ervan Capital
519,Volval Devices,0.4599139791671413,1,Brevep Systems
520,Strynal Industries,0.5169886423592573,3,Strynal Industries
521,Creven Securities,-0.047938466751840964,3,Wrelal Financial
522,Zrovex Industries,-0.032681337893493756,2,Urvel Grid
523,Ixenis Outlets,1.0331912057380135,4,Holtar Stores
524,Nolvis Devices,0.37547224767404164,2,Zelvix Therapeutics
525,Zrovum Biopharma,-0.12868845854367528,3,Zrovum Biopharma
526,Calvis Sciences,0.9391773237435209,2,Grevel Diagnostics
527,Creven Securities,0.8202752410537284,2,Halvax Networks
528,Plevyl Advisors,1.266040683653603,4,Plevyl Advisors
529,Nolvav Commerce,1.3700309383134703,2,Arnos Marketplace
530,Plevum Partners,0.48563206109755985,3,Plevum Partners
531,Brevon Microchips,0.11493140466297735,2,Zrovex Industries
532,Dralol Computing,-0.04547878260924507,2,Plevep Power
533,Zrovex Industries,1.2087753077280403,1,Urvel Grid
534,Yorval Partners,0.9965686838099862,3,Holtum Asset
535,Calvos Genomics,0.7403833158042002,2,Jorvix Diagnostics
536,Krevan Investments,-0.4863493488249571,4,Krevan Investments
537,Arnik Commerce,-0.5226470414539458,4,Arnik Commerce
538,Ulvyn Microchips,-0.10992417795049972,5,Ulvyn Microchips
539,Halvax Networks,-0.5070484188985034,9,Halvax Networks
540,Brevep Systems,-0.4674867763193693,3,Brevep Systems
541,Zrovov Advisors,-0.4038212897463797,3,Relvos Biosciences
542,Krevum Pharmaceuticals,1.0188717697860106,1,Jovor Networks
543,Arnik Commerce,-0.014525221318119924,2,Varvov Retail
544,Jorvix Diagnostics,-0.00021663776732963602,1,Xovol Goods
545,Xovol Goods,1.3339105802504727,1,Orevar Marketplace
546,Ulvon Renewables,1.3666278591507262,1,Jorvis Fuels
547,Zelvel Capital,-0.16236990380217067,4,Xovol Goods
548,Grevel Diagnostics,-0.21696848620035009,2,Volval Devices
549,Nerven Grid,2.158136996544992,3,Kelvik Power
550,Relvan Software,0.8194702104016927,1,Dralol Computing
551,Nerven Grid,0.3756011075174452,2,Ilval Financial
552,Talvix Holdings,0.07238599610700035,1,Plevyl Advisors
553,Nerval Biopharma,0.24350157723445387,5,Nerval Biopharma
554,Prynis Systems,-0.4496707111153545,4,Krevum Pharmaceuticals
555,Nerval Biopharma,-0.08783343406010731,3,Grevon Biotech
556,Xelvol Biotech,0.5909426810529476,4,Orevov Solutions
557,Crevol Retail,0.9056857282587837,2,Dralol Computing
558,Volval Devices,0.09184033000558664,2,Prynis Systems
559,Plevep Power,0.33276604110931723,1,Zelval Energy
560,Jovor Networks,0.7688680344803185,4,Jovor Networks
561,Ulvyn Microchips,0.015660959454170783,6,Ulvyn Microchips
562,Joval Brands,-0.48769394030702573,3,Frelex Outlets
563,Urvel Grid,0.4410829209082928,3,Nolvis Devices
564,Krevum Pharmaceuticals,0.6335822303904446,3,Krevum Pharmaceuticals
565,Kelvik Power,1.23315571368212,2,Relvos Biosciences
566,Relvos Biosciences,0.015599532083531431,4,Relvos Biosciences
567,Zrovex Industries,1.8134802459639745,1,Plevik Energy
568,Brevep Systems,0.23696257388875272,3,Zrovov Advisors
569,Zelvix Therapeutics,0.0654601557580187,1,Dralol Computing
570,Varvov Retail,1.6698847596805668,2,Crevol Retail
571,Wyrnor Solutions,-0.30905220444844356,3,Jorvix Diagnostics
572,Jovik Asset,-0.3078054810927823,1,Calvos Genomics
573,Ixenix Technologies,0.07633139286776304,2,Brevep Systems
574,Nolvol Resources,1.2705861698458047,3,Nolvol Resources
575,Nerval Biopharma,1.1597516432217114,2,Wrelal Financial
576,Zelvon Biosciences,1.144637968341008,3,Frelis Genomics
577,Xovol Goods,-0.2930611632648799,3,Xovol Goods
578,Wrelal Financial,1.2212870964250162,1,Creven Securities
579,Ilval Financial,-0.47823850120230726,2,Ilval Financial
580,Crevol Retail,0.9384779069240956,2,Plevep Power
581,Relvan Software,0.46560891987961284,4,Relvan Software
582,Talvep Computing,-0.22235939138854902,3,Talvep Computing
583,Strynal Industries,0.5976793471981714,6,Strynal Industries
584,Crevex Labs,0.5070971055340296,2,Orevov Solutions
585,Halvix Holdings,1.106087313219566,2,Jorval Trading
586,Zrovov Advisors,1.4491640142176647,3,Dralol Computing
587,Creven Securities,0.978530514825922,5,Creven Securities
588,Zelvix Therapeutics,1.9116692941008908,1,Relvan Software
589,Zelvon Biosciences,2.317307987728766,2,Yorven Labs
590,Orevex Renewables,1.086376269101028,3,Orevex Renewables
591,Relvos Biosciences,1.3742617803827866,3,Relvos Biosciences
592,Ulvon Renewables,0.07581082416847279,2,Jovik Asset
593,Jorval Trading,-0.1272263654796419,4,Nolvav Commerce
594,Ulvyn Microchips,0.3187269386252526,1,Myrnep Technologies
595,Jorvix Diagnostics,1.5968293787638186,2,Plevum Partners
596,Relvon Fuels,0.28480828638707617,3,Jorvis Fuels
597,Wyrnik Sciences,0.15102368334552405,3,Myrnon Therapeutics
598,Orevex Renewables,1.090039395529804,2,Jovor Networks
599,Zelval Energy,-0.1001272661489467,6,Zelval Energy
600,Zelvix Therapeutics,1.0782978612093417,2,Zrovum Biopharma
601,Holtar Stores,-0.43932178616477674,4,Zrovex Industries
602,Nolvav Commerce,1.0259587499905134,3,Halvav Brands
603,Plevyl Advisors,0.4558713795127618,1,Talvep Computing
604,Prynis Systems,1.300292726018941,1,Xovep Stores
605,Krevan Investments,-0.2717960376457675,2,Halvix Holdings
606,Orevar Marketplace,-0.31035086918343335,3,Arnik Commerce
607,Creven Securities,0.44115802546630245,2,Halven Investments
608,Jorvis Fuels,0.8822268332941606,2,Orevex Renewables
609,Relvan Software,0.6691875675039429,2,Ulvyn Microchips
610,Varvov Retail,0.256502974832303,1,Jorval Trading
611,Zelval Energy,0.18779009197479007,1,Plevik Energy
612,Halven Investments,-0.24746437967889906,4,Dralol Computing
613,Relvan Software,1.2169875804639825,1,Prynis Systems
614,Kelvos Resources,-0.5135651946310587,2,Urvel Grid
615,Joval Brands,0.6485304575085565,3,Jorvyl Securities
616,Zrovum Biopharma,-0.43573520441999936,1,Myrnon Therapeutics
617,Calvos Genomics,-0.12570308748503206,2,Brevon Microchips
618,Nerval Biopharma,0.8723289246178392,2,Crevex Labs
619,Grevon Biotech,-0.42134239293585785,4,Grevon Biotech
620,Relvan Software,0.4384411264627581,1,Zrovex Industries
621,Pleven Trading,-0.20402479877231425,3,Halvix Holdings
622,Plevik Energy,-0.28090635580377527,1,Relvon Fuels
623,Jorvis Fuels,0.5978617717215496,2,Myrnep Technologies
624,Urvel Grid,0.8650397878243721,1,Ixenis Outlets
625,Holtar Stores,-0.1293816018038364,1,Crevex Labs
626,Talvyn Goods,0.2277596774776105,3,Frelex Outlets
627,Nerval Biopharma,0.9930963436402171,2,Holtar Stores
628,Crevol Retail,0.5189857937478093,1,Holtar Stores
629,Orevov Solutions,-0.12305877121172153,1,Plevik Energy
630,Jorvix Diagnostics,0.5152874620937987,1,Grevon Biotech
631,Ulvon Renewables,0.21968657630359387,2,Ixenix Technologies
632,Brevon Microchips,-0.5408931715900244,3,Ixenix Technologies
633,Talvix Holdings,0.03293229079251593,6,Talvix Holdings
634,Holtum Asset,1.6450328308363387,1,Halvax Networks
635,Crevol Retail,1.7640773936252605,3,Frelex Outlets
636,Calvis Sciences,-0.48948676903491695,4,Yorven Labs
637,Myrnon Therapeutics,0.8640689984413112,1,Yorvov Pharmaceuticals
638,Talvyn Goods,0.746770224059623,2,Halvav Brands
639,Grevon Biotech,0.7613205063844335,1,Nerval Biopharma
640,Arnos Marketplace,0.01939029261837011,3,Crevol Retail
641,Creven Securities,0.36337217023532575,5,Creven Securities
642,Relvos Biosciences,-0.4501427969141281,3,Relvos Biosciences
643,Prynis Systems,0.2601778394759261,5,Prynis Systems
644,Xelvol Biotech,-0.3608306905629016,7,Xelvol Biotech
645,Ilval Financial,-0.07865089807971382,1,Halven Investments
646,Nerven Grid,0.44536614722993073,2,Kelvos Resources
647,Urvel Grid,1.3109502775154234,3,Urvel Grid
648,Zelval Energy,1.1645420743275645,1,Nerven Grid
649,Myrnep Technologies,1.1241812935823243,3,Myrnep Technologies
650,Ulvyn Microchips,1.5075590288672807,1,Frelol Software
651,Jorval Trading,0.5573203549734461,4,Jorval Trading
652,Crevex Labs,-0.40817073170410056,4,Crevex Labs
653,Orevex Renewables,-0.10015195555768955,3,Orevex Renewables
654,Nolvis Devices,0.44241594419212393,1,Wyrnor Solutions
655,Halvav Brands,0.3357642878570702,2,Arnos Marketplace
656,Jorval Trading,0.819029361380927,3,Talvyn Goods
657,Grevel Diagnostics,1.4538289666456188,4,Grevel Diagnostics
658,Joval Brands,0.6220738748269368,5,Joval Brands
659,Halvax Networks,0.9693078102573257,1,Nolvis Devices
660,Relvos Biosciences,1.4858846325062376,2,Zrovum Biopharma
661,Jorvis Fuels,0.2552930555248863,2,Ulvon Renewables
662,Calvos Genomics,-0.09411389063130676,1,Nerval Biopharma
663,Talvix Holdings,0.8195994338367394,3,Halvax Networks
664,Halvax Networks,0.5451887884542717,2,Yorven Labs
665,Ixenis Outlets,0.746224561922357,9,Ixenis Outlets
666,Talvyn Goods,-0.08747599178508368,5,Talvyn Goods
667,Krevum Pharmaceuticals,-0.0390422929223104,3,Ixenix Technologies
668,Crevol Retail,0.2088301128383066,5,Crevol Retail
669,Halven Investments,0.43490491418387345,3,Halven Investments
670,Jorvyl Securities,-0.2504890293261061,2,Prynis Systems
671,Plevep Power,0.14793099589537534,2,Zelval Energy
672,Zelval Energy,-0.03205898708588842,2,Relvon Fuels
673,Relvon Fuels,0.2598486106734517,3,Wyrnik Sciences
674,Nolvis Devices,-0.15803242580919966,3,Jorvyl Securities
675,Krevan Investments,0.7697512362310635,1,Ervan Capital
676,Xelvol Biotech,0.8349441236430895,2,Wyrnik Sciences
677,Ilval Financial,0.3993266938892742,4,Ilval Financial
678,Ulvon Renewables,1.688030231492915,3,Halven Investments
679,Zelvel Capital,1.9938477198960771,1,Krevan Investments
680,Wyrnik Sciences,0.32866093527857,2,Relvan Software
681,Plevyl Advisors,0.34613118045288593,3,Halven Investments
682,Jorvyl Securities,0.6287820496058372,2,Yorval Partners
683,Myrnon Therapeutics,2.4743118988619406,1,Xelvol Biotech
684,Grevel Diagnostics,0.46310686362269476,3,Zelvon Biosciences
685,Plevep Power,1.124185919671495,1,Xovol Goods
686,Halvax Networks,2.851640591961732,1,Frelol Software
687,Frelis Genomics,-0.7095100977038673,2,Frelis Genomics
688,Zrovov Advisors,1.6511978729997878,1,Frelex Outlets
689,Orevar Marketplace,0.7705087916313287,3,Orevar Marketplace
690,Jorvyl Securities,-0.1927489210615843,1,Zelval Energy
691,Brevon Microchips,0.06131444525737964,5,Brevon Microchips
692,Zrovex Industries,1.3315774872912352,2,Kelvos Resources
693,Zelvel Capital,-0.09326485623419926,2,Creven Securities
694,Relvos Biosciences,-0.2172901824148501,1,Calvos Genomics
695,Calvos Genomics,0.3029429541180811,3,Nerval Biopharma
696,Nolvis Devices,1.565722083957532,4,Brevon Microchips
697,Varvov Retail,0.43348963198438417,4,Jovor Networks
698,Zrovum Biopharma,0.8224323340605867,1,Wyrnik Sciences
699,Calvis Sciences,0.8193645641871169,4,Jorvix Diagnostics
700,Ixenis Outlets,0.6183946139316084,4,Halvax Networks
701,Relvon Fuels,0.5887391879778116,1,Brevon Microchips
702,Krevan Investments,2.0289867550270366,2,Halven Investments
703,Orevar Marketplace,0.4461706360060067,3,Crevol Retail
704,Grevon Biotech,0.557428515148674,4,Grevon Biotech
705,Plevik Energy,1.729188452568633,3,Kelvik Power
706,Zelvon Biosciences,0.6565785749550292,2,Calvis Sciences
707,Ulvyn Microchips,0.1970105593140021,1,Brevon Microchips
708,Crevex Labs,-0.30358838330008797,2,Calvis Sciences
709,Arnik Commerce,0.03772815142268053,4,Arnik Commerce
710,Urvel Grid,1.3841333406595324,2,Grevon Biotech
711,Calvos Genomics,1.0020879152082047,1,Relvos Biosciences
712,Orevar Marketplace,3.5996376362454505,2,Halvax Networks
713,Nolvav Commerce,0.6213944789958261,3,Holtum Asset
714,Myrnep Technologies,1.4245746108423625,2,Zelvon Biosciences
715,Wyrnik Sciences,1.7657947658393014,2,Dralol Computing
716,Talvyn Goods,0.13515007007450475,3,Talvyn Goods
717,Ixenix Technologies,-0.16794757430680302,3,Ixenix Technologies
718,Grevel Diagnostics,0.8089718454478921,3,Grevel Diagnostics
719,Frelex Outlets,1.6928456585580236,3,Arnik Commerce
720,Wrelal Financial,-0.24299349749191823,3,Orevov Solutions
721,Holtar Stores,0.7739830089327302,4,Holtar Stores
722,Nerven Grid,0.01334863267033657,3,Strynal Industries
723,Calvos Genomics,0.6492411060779517,2,Ulvon Renewables
724,Frelis Genomics,0.04735105570202569,2,Crevol Retail
725,Holtum Asset,-0.4723847057928427,1,Orevov Solutions
726,Joval Brands,1.0656082345161142,3,Holtar Stores
727,Jorval Trading,0.012799974042283807,6,Jorval Trading
728,Zelval Energy,0.7256863624144118,2,Krevan Investments
729,Jorvix Diagnostics,-0.06774935082537337,4,Jorvix Diagnostics
730,Nerval Biopharma,0.16425288018772272,7,Nerval Biopharma
731,Jovik Asset,1.902598643055077,2,Plevum Partners
732,Nerval Biopharma,1.6539853463698746,2,Jorvix Diagnostics
733,Arnik Commerce,-0.3279175502657227,6,Arnik Commerce
734,Plevum Partners,0.16301329241351412,2,Orevar Marketplace
735,Urvel Grid,1.4288890001789951,2,Calvos Genomics
736,Brevep Systems,0.3136094605668831,2,Crevol Retail
737,Relvon Fuels,-0.15250252120236954,1,Prynis Systems
738,Grevon Biotech,0.5629540505404551,1,Myrnep Technologies
739,Ilval Financial,1.6475617137684857,1,Jovik Asset
740,Zelvel Capital,-0.14413034828529614,3,Zelvel Capital
741,Kelvik Power,-0.03554111384050104,4,Kelvik Power
742,Grevon Biotech,1.183930245732957,3,Frelis Genomics
743,Relvon Fuels,-0.374997483131139,4,Ervan Capital
744,Zelvon Biosciences,1.5126604858919255,1,Ulvyn Microchips
745,Halven Investments,2.577745213257632,1,Holtum Asset
746,Xovep Stores,1.1183328493995455,3,Pleven Trading
747,Crevex Labs,1.0139757800625036,5,Crevex Labs
748,Ulvon Renewables,0.7797930548359261,2,Nolvol Resources
749,Creven Securities,-0.08166165653181819,2,Orevar Marketplace
750,Relvan Software,1.3647997755493633,2,Jovor Networks
751,Wyrnor Solutions,-0.4299119876941848,3,Zelval Energy
752,Zelvel Capital,1.2893141087420916,2,Wrelal Financial
753,Zrovum Biopharma,1.5388384072941401,2,Brevep Systems
754,Brevon Microchips,0.7791250449688214,2,Zelvon Biosciences
755,Jovor Networks,1.008447210605612,2,Frelis Genomics
756,Talvix Holdings,0.469121365858017,2,Krevan Investments
757,Zrovov Advisors,1.1932901519519905,2,Crevex Labs
758,Volval Devices,0.5036308946273447,3,Volval Devices
759,Ervan Capital,1.3469589473703434,4,Ervan Capital
760,Holtar Stores,0.5191485280342698,1,Halvix Holdings
761,Talvyn Goods,0.9588250923668129,4,Halvav Brands
762,Krevum Pharmaceuticals,-0.07891026658267589,6,Krevum Pharmaceuticals
763,Jovik Asset,0.3595631502121438,3,Ervan Capital
764,Pleven Trading,0.1284135475269399,2,Nolvav Commerce
765,Ilval Financial,-0.15693856319246377,2,Xelvol Biotech
766,Yorvov Pharmaceuticals,1.25393953623852,2,Ulvon Renewables
767,Zelvon Biosciences,0.5796500263958054,4,Zelvon Biosciences
768,Creven Securities,0.8695943517739426,2,Holtar Stores
769,Arnos Marketplace,-0.16229868739902648,3,Nerval Biopharma
770,Calvis Sciences,-0.1712791236300909,4,Myrnep Technologies
771,Plevum Partners,1.4612589586441944,2,Xovep Stores
772,Plevik Energy,0.7597528821112589,2,Zelvel Capital
773,Nolvis Devices,-0.18176992538534015,1,Ulvyn Microchips
774,Creven Securities,0.18821275354863684,4,Creven Securities
775,Frelol Software,-0.1438535987174665,1,Prynis Systems
776,Urvel Grid,1.7206406027784729,3,Ulvon Renewables
777,Yorvov Pharmaceuticals,-0.09781063102465495,2,Nerval Biopharma
778,Myrnep Technologies,-0.3767224595044659,5,Ixenix Technologies
779,Halven Investments,-0.04983391325892241,3,Ilval Financial
780,Varvov Retail,2.6314526328749896,1,Volval Devices
781,Yorven Labs,-0.37304052414600286,4,Yorven Labs
782,Plevik Energy,1.189404453681502,2,Halvix Holdings
783,Nerven Grid,0.6777231678598515,2,Strynal Industries
784,Zelvon Biosciences,-0.07316895478551749,3,Halvav Brands
785,Relvon Fuels,-0.22476871314665764,1,Yorval Partners
786,Strynal Industries,-0.08864604180269353,1,Nolvol Resources
787,Ixenis Outlets,-0.4229713536975416,4,Halvav Brands
788,Talvyn Goods,0.868339574817963,1,Frelex Outlets
789,Calvos Genomics,0.3781858634830169,1,Yorvov Pharmaceuticals
790,Plevep Power,0.6790071581597935,5,Plevep Power
791,Talvix Holdings,-0.5910921952474041,3,Halven Investments
792,Zelval Energy,0.7448016989932645,5,Zelval Energy
793,Krevan Investments,0.30441860947661015,3,Ilval Financial
794,Frelis Genomics,0.22350104930548556,3,Myrnon Therapeutics
795,Zrovum Biopharma,0.021961805561501575,4,Zrovum Biopharma
796,Crevex Labs,1.6577615641861752,4,Crevex Labs
797,Zelvix Therapeutics,0.4655260114182785,2,Krevum Pharmaceuticals
798,Zrovum Biopharma,1.3141459296701403,2,Jorvyl Securities
799,Wyrnik Sciences,-0.13652788718993764,2,Halvix Holdings
800,Orevex Renewables,0.28618122359964937,1,Zrovex Industries
801,Zelvel Capital,1.506936090995889,4,Zelvel Capital
802,Frelex Outlets,0.15198044458409427,1,Xovol Goods
803,Xovep Stores,1.3079694688666827,4,Ixenis Outlets
804,Ulvyn Microchips,-0.1773421728443595,6,Ulvyn Microchips
805,Grevon Biotech,1.0307028734470274,3,Relvos Biosciences
806,Yorven Labs,0.49942711295377695,1,Kelvos Resources
807,Yorvov Pharmaceuticals,-0.5371870863268543,1,Krevum Pharmaceuticals
808,Plevum Partners,-0.06293650642129339,3,Brevon Microchips
809,Calvis Sciences,0.19930866592203253,4,Calvis Sciences
810,Frelis Genomics,1.8625747231652134,2,Ilval Financial
811,Xelvol Biotech,0.004420435453597701,1,Arnos Marketplace
812,Zrovov Advisors,0.7529528348239161,1,Ulvon Renewables
813,Prynis Systems,-0.07969277234293401,3,Dralol Computing
814,Talvep Computing,-0.7163453274895382,2,Talvep Computing
815,Zelvix Therapeutics,0.9912739353520724,2,Ulvon Renewables
816,Orevov Solutions,-0.11473391964511823,2,Xelvol Biotech
817,Ixenix Technologies,-0.2249823540558885,4,Halvax Networks
818,Jorval Trading,0.5047377896958705,1,Halvax Networks
819,Orevov Solutions,1.049324510568292,3,Krevan Investments
820,Nerven Grid,-0.38079416254071274,1,Strynal Industries
821,Krevum Pharmaceuticals,1.9500784909824782,1,Frelis Genomics
822,Relvos Biosciences,0.09298628013010407,4,Wyrnik Sciences
823,Prynis Systems,3.9683097368977984,1,Nolvis Devices
824,Krevan Investments,0.06832598093205774,2,Xovol Goods
825,Brevep Systems,1.5605451946839044,2,Talvep Computing
826,Kelvik Power,-0.2819587110905676,3,Plevep Power
827,Xovep Stores,0.6401768638327789,3,Arnik Commerce
828,Zrovex Industries,-0.3835201389660448,3,Wyrnor Solutions
829,Nerval Biopharma,-0.4179639103429452,1,Zelvon Biosciences
830,Plevum Partners,0.29998412632713695,2,Nolvol Resources
831,Arnos Marketplace,-0.1257776237286824,1,Ixenix Technologies
832,Nerven Grid,1.2796589648784091,4,Zrovex Industries
833,Xovol Goods,1.008140409096934,1,Frelex Outlets
834,Crevex Labs,0.536064180113504,1,Jorvyl Securities
835,Yorval Partners,0.33824669136860885,2,Halvix Holdings
836,Nerven Grid,0.5686763656342394,1,Zelval Energy
837,Kelvik Power,0.19927421418550528,6,Kelvik Power
838,Arnik Commerce,0.04704789248337221,2,Wrelal Financial
839,Prynis Systems,0.30320894321035124,2,Orevar Marketplace
840,Orevar Marketplace,-0.010843315176636559,4,Orevar Marketplace
841,Wyrnik Sciences,0.3682316369264196,5,Myrnon Therapeutics
842,Krevan Investments,0.18444129884799385,2,Zelvel Capital
843,Relvon Fuels,1.4513196965889,4,Kelvik Power
844,Talvyn Goods,1.6437885003455397,1,Ervan Capital
845,Talvix Holdings,0.0650272187089862,6,Talvix Holdings
846,Plevyl Advisors,0.7023414678137309,2,Halven Investments
847,Nolvis Devices,-0.3506248924078046,4,Nolvis Devices
848,Orevex Renewables,1.6224502374314136,1,Calvos Genomics
849,Ulvyn Microchips,-0.08892266990701801,2,Brevon Microchips
850,Varvov Retail,-0.44620458276353303,1,Crevol Retail
851,Ixenix Technologies,0.6730374539025118,6,Ixenix Technologies
852,Prynis Systems,-0.1491746062935251,2,Myrnep Technologies
853,Urvel Grid,0.3652683683661552,2,Relvon Fuels
854,Zrovum Biopharma,-0.39245934283155237,1,Calvis Sciences
855,Krevan Investments,0.2843838584315016,1,Yorval Partners
856,Plevyl Advisors,0.5659634831720268,1,Krevum Pharmaceuticals
857,Crevol Retail,1.5575878098432432,4,Crevol Retail
858,Jovik Asset,1.7232788238785561,3,Halvix Holdings
859,Crevol Retail,0.8710320728925541,3,Creven Securities
860,Zrovum Biopharma,-0.456925367753538,2,Halvix Holdings
861,Holtar Stores,-0.5764849444828483,4,Crevol Retail
862,Jorvix Diagnostics,-0.05173181812747588,3,Jorval Trading
863,Ulvyn Microchips,0.9854433826384887,2,Orevov Solutions
864,Prynis Systems,0.9545149352651374,1,Brevep Systems
865,Yorval Partners,0.049357479189437094,1,Pleven Trading
866,Creven Securities,0.32026657687923255,3,Ilval Financial
867,Talvyn Goods,0.870631801772468,3,Jorval Trading
868,Krevan Investments,0.699274199588202,2,Holtum Asset
869,Halvax Networks,-0.30608925396556363,1,Halven Investments
870,Frelis Genomics,-0.27309332324843505,3,Ixenis Outlets
871,Plevyl Advisors,0.8838513449416059,4,Wrelal Financial
872,Relvon Fuels,-0.30676656207842057,3,Relvon Fuels
873,Strynal Industries,0.5859844996054692,2,Plevep Power
874,Plevik Energy,2.911990614211642,2,Plevik Energy
875,Zelval Energy,1.088293621340387,4,Crevol Retail
876,Krevum Pharmaceuticals,4.2802181433885185,1,Ulvon Renewables
877,Wyrnor Solutions,1.182766259913749,1,Relvos Biosciences
878,Brevon Microchips,0.14985371984321907,5,Brevon Microchips
879,Grevon Biotech,1.3368195091981199,1,Calvos Genomics
880,Xovep Stores,0.4996269760981219,5,Xovep Stores
881,Calvis Sciences,-0.21481337236331446,5,Calvis Sciences
882,Relvon Fuels,0.4076597449184537,4,Talvep Computing
883,Plevik Energy,0.5970669680185939,1,Orevex Renewables
884,Ixenis Outlets,1.4225473414269556,4,Ixenis Outlets
885,Zrovex Industries,0.6666057800772303,2,Jorvis Fuels
886,Urvel Grid,0.44090526201704694,2,Myrnep Technologies
887,Krevum Pharmaceuticals,-0.8549051571319942,3,Krevum Pharmaceuticals
888,Plevik Energy,2.5362319498019605,1,Ulvon Renewables
889,Pleven Trading,0.35928321442666933,2,Jorval Trading
890,Talvyn Goods,-0.017964471802144673,4,Holtar Stores
891,Plevep Power,0.3838601867741061,1,Halvix Holdings
892,Relvan Software,1.4490475451975342,3,Orevar Marketplace
893,Grevel Diagnostics,-0.6113352484706005,3,Grevel Diagnostics
894,Halvax Networks,1.4820289255695926,2,Calvis Sciences
895,Holtum Asset,0.6025845403047041,2,Zelval Energy
896,Yorval Partners,-0.028118448611558745,1,Creven Securities
897,Kelvos Resources,0.9201059768590473,1,Holtum Asset
898,Orevar Marketplace,0.9492006167661913,5,Orevar Marketplace
899,Plevik Energy,0.0011383516039139355,1,Ixenis Outlets
900,Wyrnik Sciences,1.8556896964153877,1,Calvos Genomics
901,Nolvol Resources,0.817901519808948,2,Nolvol Resources
902,Orevov Solutions,0.6108113721021071,3,Zelvon Biosciences
903,Halven Investments,2.218457491380854,1,Strynal Industries
904,Varvov Retail,-0.5909768460481315,1,Frelex Outlets
905,Arnos Marketplace,0.22751889655606775,3,Xovol Goods
906,Talvyn Goods,0.9389453064279883,2,Talvyn Goods
907,Zelvix Therapeutics,1.2921293811503012,5,Zelvix Therapeutics
908,Holtar Stores,0.2905754837500451,2,Arnos Marketplace
909,Jorval Trading,0.05800487865457827,3,Plevum Partners
910,Plevum Partners,0.6101317433752586,3,Ervan Capital
911,Relvon Fuels,0.4789902476123412,3,Relvon Fuels
912,Plevyl Advisors,0.32511000219882963,2,Halven Investments
913,Nerval Biopharma,-0.13803762547140958,2,Ulvon Renewables
914,Varvov Retail,0.08483160462258214,4,Varvov Retail
915,Brevon Microchips,-0.585194581346323,2,Yorval Partners
916,Zelvel Capital,2.054182498630942,2,Halven Investments
917,Zrovov Advisors,0.6148869794438612,3,Jorvyl Securities
918,Halven Investments,0.483940672889856,2,Ervan Capital
919,Wrelal Financial,0.793241375976513,2,Halven Investments
920,Kelvos Resources,1.2793654017562957,1,Crevex Labs
921,Ulvon Renewables,-0.32921949562807634,2,Urvel Grid
922,Xovep Stores,0.5264925361615244,2,Orevar Marketplace
923,Jorval Trading,2.057628414574959,1,Halvix Holdings
924,Nolvav Commerce,-0.24831789442437602,4,Nolvav Commerce
925,Wyrnik Sciences,-0.46653856384314374,1,Grevon Biotech
926,Zelval Energy,-0.8315452656869236,2,Plevik Energy
927,Grevon Biotech,-0.4461823180260266,3,Jorvix Diagnostics
928,Wyrnor Solutions,0.03991064568364364,2,Brevon Microchips
929,Pleven Trading,0.17567392686510858,4,Jorvyl Securities
930,Nolvis Devices,0.354019977828132,4,Yorven Labs
931,Plevep Power,1.4870755069110027,3,Ilval Financial
932,Frelol Software,0.8022262645217307,5,Brevon Microchips
933,Nolvav Commerce,-0.06481201996808014,2,Holtar Stores
934,Plevep Power,0.6933251264001845,2,Plevik Energy
935,Myrnon Therapeutics,0.3548811700423146,4,Myrnon Therapeutics
936,Zrovex Industries,-0.3316853856879739,1,Jorvyl Securities
937,Halven Investments,1.3586623926101389,3,Halven Investments
938,Joval Brands,-0.4537579054473925,4,Joval Brands
939,Holtar Stores,0.11453891444590875,3,Orevov Solutions
940,Zelvon Biosciences,1.3661935476643692,2,Crevex Labs
941,Relvos Biosciences,2.166643072631468,2,Calvos Genomics
942,Arnos Marketplace,0.7041887908825257,2,Crevol Retail
943,Jovik Asset,0.2929439102108141,2,Ulvyn Microchips
944,Prynis Systems,0.7162536274307497,3,Plevum Partners
945,Talvep Computing,-0.04300549562767916,4,Myrnep Technologies
946,Myrnep Technologies,0.24454330514374073,2,Creven Securities
947,Relvos Biosciences,1.217756816604026,2,Zrovum Biopharma
948,Krevan Investments,0.7268133970711743,2,Jorvyl Securities
949,Frelis Genomics,-0.2529668891172178,2,Halvix Holdings
950,Plevik Energy,-0.1621291998805553,4,Jovor Networks
951,Strynal Industries,1.1686089906923933,3,Jorvis Fuels
952,Ilval Financial,0.8589393087833281,2,Ervan Capital
953,Kelvik Power,0.07745693845713554,3,Zrovex Industries
954,Jorval Trading,0.8560306059929556,2,Zrovex Industries
955,Kelvik Power,1.2835240477803964,2,Halven Investments
956,Jorvyl Securities,0.1197340797180559,3,Zelvel Capital
957,Zrovex Industries,1.4016045146590896,2,Crevol Retail
958,Plevyl Advisors,1.725952561365702,1,Ilval Financial
959,Nerval Biopharma,0.7942961990366182,1,Yorvov Pharmaceuticals
960,Zrovum Biopharma,0.6893093761565433,4,Zrovum Biopharma
961,Brevep Systems,0.5116769130497104,4,Brevep Systems
962,Ervan Capital,0.44478115892945647,1,Xelvol Biotech
963,Talvyn Goods,0.15088641569440586,3,Brevon Microchips
964,Ervan Capital,1.6330688329448357,1,Jovik Asset
965,Relvan Software,1.0200352668612114,1,Plevyl Advisors
966,Kelvos Resources,0.6944712118148013,5,Kelvos Resources
967,Xelvol Biotech,-0.10649163840103928,4,Myrnon Therapeutics
968,Relvon Fuels,1.0153037837883117,2,Strynal Industries
969,Frelex Outlets,0.3537574290110916,3,Frelex Outlets
970,Relvan Software,-0.5302839810953146,4,Relvan Software
971,Xelvol Biotech,0.05617865053076508,4,Xelvol Biotech
972,Wyrnor Solutions,-0.23866104082938183,2,Wyrnik Sciences
973,Plevyl Advisors,0.028905781742305972,4,Plevyl Advisors
974,Krevan Investments,0.16472867008606246,3,Ervan Capital
975,Relvan Software,0.30243145992603615,3,Relvan Software
976,Halvix Holdings,-0.349194747171478,3,Frelol Software
977,Prynis Systems,-0.3418178062728539,2,Brevon Microchips
978,Relvan Software,-0.15288814262262934,2,Halvax Networks
979,Frelis Genomics,0.13461619406960174,2,Xovol Goods
980,Wyrnik Sciences,0.26402973422332143,1,Brevep Systems
981,Plevum Partners,-0.14533883564356354,4,Plevep Power
982,Joval Brands,0.3872028264704608,2,Ixenis Outlets
983,Talvyn Goods,0.6927222787496176,2,Jorval Trading
984,Xelvol Biotech,1.1654910778545455,2,Calvis Sciences
985,Plevyl Advisors,2.45216356509794,1,Grevon Biotech
986,Urvel Grid,1.5338258693282214,4,Urvel Grid
987,Dralol Computing,-0.10051561841959104,3,Xelvol Biotech
988,Ixenis Outlets,-0.6764331711128876,4,Ixenis Outlets
989,Creven Securities,1.6807189473817858,1,Zelvel Capital
990,Zelvix Therapeutics,0.3632675417867879,1,Calvos Genomics
991,Jorvyl Securities,0.4030212933300125,1,Ervan Capital
992,Creven Securities,-0.3781948626053149,3,Ervan Capital
993,Orevar Marketplace,0.48707502614976356,2,Myrnep Technologies
994,Jorval Trading,-0.05229553378348378,1,Plevep Power
995,Creven Securities,-0.5323768996617715,2,Zelvel Capital
996,Grevel Diagnostics,0.298962654247132,2,Myrnon Therapeutics
997,Plevik Energy,0.9579073908906264,1,Kelvos Resources
998,Talvyn Goods,-0.32301078885068757,2,Jorval Trading
999,Krevan Investments,-0.18007876924966204,3,Yorval Partners
